English,Swedish,
Remove from compare,,
Resetting the password ... ,,
Error while sending reset password e-mail,,
Authorization in progress ...,,
You have been successfully subscribed to our newsletter!,,
Everything new,,
Get inspired,,
Size guide,,
Add to favorite,,
Add to compare,,
Product details,,
Filters,,
My account,,
My Account,,
Logout,,
Enter your email to receive instructions on how to reset your password.,,
Reset password,,
or,,
return to log in,,
Back to login,,
We've sent password reset instructions to your email. Check your inbox and follow the link.,,
Log in,,
Remember me,,
Forgot the password?,,
Log in to your account,,
You must accept the terms and conditions.,,
Register,,
register an account,,
Register an account,,
login to your account,,
Filter,,
Clear filters,,
color_filter,,
size_filter,,
price_filter,,
Price,,
Order Summary,,
Safety,,
Shipping,,
Payment,,
Returns,,
Review order,,
Please check if all data are correct,,
I agree to,,
Terms and conditions,,
Place the order,,
Edit payment,,
We will send you the invoice to given e-mail address,,
Payment method,,
Go review the order,,
Phone number may be needed by carrier,,
Personal Details,,
Edit personal details,,
Continue to shipping,,
We will send you details regarding the order,,
The new account will be created with the purchase. You will receive details on e-mail.,,
Qty,,
Edit shipping,,
Ship to my default address,,
Shipping method,,
Continue to payment,,
Departments,,
Women fashion,,
Men's fashion,,
Kidswear,,
Home,,
Orders,,
Track my order,,
Delivery,,
Return policy,,
Customer service,,
Contact us,,
About us,,
Price: High to low,,
Price: Low to high,,
Clear,,
About us (Magento CMS),,
Store locator,,
Legal notice,,
Privacy policy,,
Subscribe to the newsletter and receive a coupon for 10% off,,
Subscribe,,
Return to shopping,,
Login to your account,,
You are logged in as,,
Edit,,
Shopping cart,,
Clear cart,,
Your shopping cart is empty.,,
Don't hesitate and,,
browse our catalog,,
to find something beautiful for You!,,
Shopping summary,,
Go to checkout,,
Remove,,
My newsletter,,
Edit newsletter preferences,,
General agreement,,
Cancel,,
Update my preferences,,
My profile,,
Edit your profile,,
Update my profile,,
My shipping details,,
Edit your shipping details,,
Update my shipping details,,
Country,,
Similar products,,
We found other products you might like,,
No results were found.,,
Searched term should consist of at least 3 characters.,,
Magazine,,
Sale,,
My orders,,
My loyalty card,,
My product reviews,,
Wishlist,,
Clear wishlist,,
Your wishlist is empty.,,
Add to cart,,
Select color ,,
See details,,
We use cookies to give you the best shopping experience.,,
Newsletter,,
Sign up to our newsletter and receive a coupon for 10% off!,,
Quantity,,
Price ,,
Select size ,,
You have no items to compare.,,
New Luma Yoga Collection,,
We can't find the page,,
Unfortunately we can't find the page you are looking for.,,
If you need an assistance you can drop us a line on,,
a chat,,
or write to us through,,
a contact page,,
You can also use,,
search,,
to find product you were looking for.,,
See our bestsellers,,
"You are offline, some of the functionalities are limited",,
Search,,
Help,,
Go to Facebook,,
Go to Instagram,,
Go to Pinterest,,
Go to Youtube,,
I accept ,,
Use my billing data,,
I want to generate an invoice for the company,,
Field is required,,
Name must have at least 2 letters.,,
Name must have at least 3 letters.,,
Zip-code must have at least 3 letters.,,
I want to create an account',,
Copy address data from shipping,,
Tax identification number must have at least 3 letters.,,
Please provide valid e-mail address.,,
Use my company's address details,,
Passwords must be identical,,
E-mail address *,,
Password *,,
First name,,
items,,
Last name,,
Email address,,
Change my password,,
I have a company and want to receive an invoice for every order,,
Company name *,,
Street name *,,
House/Apartment number *,,
City *,,
Zip-code *,,
Tax ID *,,
State / Province,,
City,,
Phone Number,,
House/Apartment number,,
Street name,,
Zip-code,,
Current password *,,
New password *,,
Repeat new password *,,
Passwords must be identical.,,
First name *,,
Last name *,,
Repeat password *,,
Email address *,,
I want to create an account,,
Tax identification number *,,
No products found!,,
"Please change Your search criteria and try again. If still not finding anything relevant, please visit the Home page and try out some of our bestsellers!",,
Erin recommends,,
Open my account,,
Open microcart,,
Open wishlist,,
Open search panel,,
Open menu,,
Show subcategories,,
Back,,
Close,,
View all,,
Create a new account,,
I accept terms and conditions,,
"I want to receive a newsletter, and agree to its terms",,
Use my company's address details,,
Tax ID must have at least 3 letters.,,
Country *,,
Toggle password visibility,,
You've entered an incorrect coupon code. Please try again.,,
Add a discount code,,
Discount code,,
Add discount code,,
Order ID,,
Date and time,,
Author,,
Value,,
Type,,
Status,,
Purchase,,
View order,,
Remake order,,
No orders yet,,
Order #,,
Items ordered,,
Product Name,,
SKU,,
Subtotal,,
Tax,,
Discount,,
Order informations,,
Shipping address,,
Billing address,,
Order confirmation,,
Your purchase,,
You have successfuly placed the order. You can check status of your order by using our <b>delivery status</b> feature. You will receive an order confirmation e-mail with details of your order and a link to track its progress.,,
"E-mail us at <b>demo@vuestorefront.io</b> with any questions, suggestions how we could improve products or shopping experience",,
Your Account,,
What we can improve?,,
Your feedback is important for us. Let us know what we could improve.,,
Type your opinion,,
Give a feedback,,
Choose your country,,
"You can log to your account using e-mail and password defined earlier. On your account you can <b>edit your profile data,</b> check <b>history of transactions,</b> edit <b>subscription to newsletter.</b>",,
United States,,
English,,
Germany,,
German,,
Italy,,
Italian,,
Sort By,,
Custom Cms Page,,
Cms Page Sync,,
Password must have at least 8 letters.,,
Confirm your order,,
Please confirm order you placed when you was offline,,
Allow notification about the order,,
Extension developers would like to thank you for placing an order!,,
Compare products,,
Load more,,
Select No,,
Select Yes,,
erin_recommends_filter,,
Latest,,
size,,
color,,
login,,
No reviews have been posted yet. Please don't hesitate to share Your opinion and write the first review!,,
If you need an assistance you can drop us a line on,,
Internal Server Error 500,,
We've noticed Internal Server Error while rendering this request.,,
Something went wrong ...,,
This product is out of stock.,,
Cash on delivery,,
DPD Courier,,
My Recently viewed products,,
No products yet,,
The server order id has been set to ,,
Customer service (Magento CMS),,
Instant Checkout,,
Are you sure you would like to remove all the items from the wishlist?,,
Filter by categories,,
Categories,,
Search Anything,,
My Profile,,
My Orders,,
Recently Viewed,,
My Wishlist,,
Help & Contact,,
Create an Account,,
Sign In,,
Create an Account,,
Your cart is empty!,,
Latest Deals,,
Featured Deals,,
"Conditions Explanation,Conditions Explanation""",,
Described as,,
Your Bag,,
Order Summary,,
"Use your PayPal account to complete your order. Once you enter your account information in the PayPal window, the order will process with Hulii.",,
product_model_filter,,
product_brand_filter,,
Filter,,
color_filter,,
size_filter,,
price_filter,,
memory_filter,,
product_model_filter,,
Price,,
Order Summary,,
New Zealand,,
Stay In Touch,,
Contact Us,,
Apply,,
Customer service (Magento CMS),,
Specifications,,
Instant Checkout,,
Recommended By Others,,
Are you sure you would like to remove all the items from the wishlist?,,
Continue Shopping,,
Filter by categories,,
Product has been added to cart,,
Add to Wishlist,,
Categories,,
Recommended For You,,
Search Anything,,
Terms,,
My Profile,,
Shop,,
My Orders,,
Secure Checkout,,
Recently Viewed,,
Some rules and restrictions may apply,,
My Wishlist,,
See Details,,
Help & Contact,,
Secure Shopping,,
Create an Account,,
Our checkout meets the credit card industryâ€™s rigorous PCI security standards,,
Privacy Protection,,
Your privacy is always our number-one priority,,
Exceptional Customer Service,,
Weâ€™ve got your back. Chat to us live 7 days a week,,
Order Total,,
Shipping Fee,,
Hulii\'s terms,,
By placing this order you agree to,,
iPhone 6S,,
items,,
item,,
Log In,,
Cart Total,,
You're In Good Hands,,
Featured on Hulii,,
Youtube,,
Pinterest,,
Twitter,,
Facebook,,
Instagram,,
Follow Us,,
Track Your Order,,
Payments,,
FAQs & Contact,,
Company,,
Product Ideas,,
The Circular Economy,,
Renewal Partners Portal,,
Become a Renewal Partner,,
Our Mission,,
Legal,,
Careers,,
Press,,
Blog,,
Who We Are,,
Track Your Order,,
Payments,,
Help & Support,,
Stay In Touch,,
Need Help? Let's Chat,,
Relevance,,
Clear All,,
Your Selections,,
Continue shopping on,,
Fill your shopping cart to give it purpose.,,
Your cart is empty!,,
Sign In/Register,,
If you need an assistance you can write to us through,,
Your Recently Viewed Items,,
Create an Account,,
Daily Deals,,
Top Apple Deals,,
See More,,
My Profile,,
My Orders,,
Recently Viewed,,
Help & Contact,,
Who Are We,,
Privacy Policy,,
Terms of Use,,
Popular Searches,,
Shop All,,
Shop Mobile Phones,,
Shop Apple,,
Shop Refurbished Phones,,
iPhone 6,,
iPhone 7,,
iPhone 8,,
Unlocked iPhone,,
Used iPhone,,
Buy iPhone,,
New iPhone,,
How to Backup iPhone,,
How to Reset iPhone,,
How to Restore iPhone,,
How to Unlock iPhone,,
Where Should We Ship To,,
Australia,,
Malaysia,,
Hong Kong,,
Singapore,,
US,,
See details.,,
My Wishlist,,
Description,,
Specifications,,
What's in the Box,,
Guaranteed Quality,,
About,,
Hulii's Product Conditions,,
All,,
Select Condition ,,
Hulii's Product Conditions,,
About PGC Tech,,
New,,
color_group_filter,,
The Hulii Advantage,,
Top FAQs,,
Shipping & Delivery,,
It's ordered,,
It looks like you haven't viewed anything yet. Feel free to ,,
continue shopping,,
to find something that suits!,,
Your Wishlist is empty. Feel free to ,,
or visit your,,
Wishlist,,
Other Available Conditions,,
Condition Rating,,
Condition,,
More information,,
Your Selected Condition,,
Body Scratches & Condition,,
Screen Scratches,,
Enter Your Condition Preferences,,
Limited Time Offer,,
From,,
Top FAQs,,
Enter the email address associated with your Hulii account.,,
special_price_filter,,
Resetting your password,,
Sign Out,,
It seems you're offline. Hulii may look different as you stay off-grid.,,
Click to see details.,,
View Cart,,
Creating your account,,
Submitting your review,,
FAQs,,
Contact Us,,
Choose your country or region,,
Select your preferred language,,
Free Shipping,,
6 Months Warranty,,
Tel,,
Products,,
Warranty,,
Product Quality,,
Product Conditions,,
Making an Order,,
About Hulii,,
Sign In,,
Shop Hulii,,
Shop All,,
Shop Apple,,
Shop Samsung,,
Explore the latest from Hulii,,
Explore the latest devices from Apple,,
Explore the latest devices from Samsung,,
Mobile Phones,,
Name,,
Renewed by,,
Shipping & Returns,,
What We Believe,,
Added to Cart,,
Continue to Cart,,
You've earned FREE shipping!,,
Already have an account,,
Your email address is our primary method to contact you,,
Your name will also appear on your delivery label,,
Enter your mobile number to receive SMS delivery updates (where available),,
Continue,,
Address,,"		"
Shipping Details,,"		"
Shipping Options,,"		"
Shipping & Handling,,"		"
Continue to Payment,,"		"
Please enter your credit card details below,,"		"
"By placing this order, you agree to the Hulii.com ",,
Terms of Use ,,"		"
and to receiving marketing communications from Hulii.com,,"		"
Free Delivery,,"		"
Free delivery on all orders through Hulii.,,"		"
14 Days Change of Mind*,,"		"
14 Days Change of Mind,,"		"
If you change your mind within 14 days you can return your unopened products free of charge.,,
Hulii Cares,,"		"
Any issues? Our comprehensive 6 month warranty is here to help.,,"		"
Power isn't just for the pros.,,"		"
Discover something new with every touch.,,"		"
Compatible with,,"		"
Share,,"		"
Favourite,,"		"
Available Conditions,,"		"
Select a Condition,,"		"
Add to Cart,,"		"
Proceed to Checkout,,"		"
Save for Later,,"		"
Shipping type,,"		"
Contact Details,,"		"
Proceed to Checkout,,"		"
Save for Later,,"		"
Shipping type,,"		"
Edit Details,,"		"
Arrives by,,"		"
United Kingdom,,"		"
Stay In Touch,,
Recommended Accessories,,"		"
Read More,,"		"
Blog,,"		"
Let's Chat,,
Start Selling,,
Startup Program,,
SME Program,,
Jobs,,
How It Works,,
Find Out More,,
A Smarter Way to Splurge,,
See All,,
Up to 70% Off the latest apple devices,,
Shop Mobile Devices,,
Any Issues? Our comprehensive warranty is here to help.,,
Favourites,,
Sign Up,,
14 Days Free Returns,,
No questions asked free returns within the first 14 days.,,
Free standard shipping on all orders through Hulii.,,
Just For You,,
Shop Our Categories,,
Free shipping when you spend over $50,,
Shop all devices,,
Up to 55% Off the latest Samsung devices,,
Hulii is renewing the world one device at a time. Click here to see our journey as we change the world.,,
Customer service (Magento CMS),,
"		""Sign In""",,
"		""Create an Account""",,
"		""Your cart is empty!""",,
"		""Latest Deals""",,
"		""Featured Deals""",,
"		""Conditions Explanation",,
"		""Described as""",,
"		""Your Bag""",,
"		""Order Summary""",,
"		""Use your PayPal account to complete your order. Once you enter your account information in the PayPal window",,
"		""product_model_filter""",,
"		""product_brand_filter""",,
"		""Filter""",,
"		""color_filter""",,
"		""size_filter""",,
"		""price_filter""",,
"		""memory_filter""",,
"		""product_model_filter""",,
"		""Price""",,
Order Summary,,